user_id,nom,prenom
203311,,
12672,,
177791,,
194426,,
217545,,
33892,,
63440,,
92491,,
126435,,
217546,,
58810,,
26366,,
16833,,
212813,,
23734,,
217547,,
181758,,
93932,,
217548,,
217549,,
217550,,
189440,,
106991,,
217551,,
58902,,
57699,,
50275,,
3410,,
217552,,
6488,,
198785,,
77887,,
52627,,
45829,,
168354,,
217553,,
165701,,
217554,,
45977,,
217555,,
217556,,
169091,,
69677,,
107914,,
94476,,
217557,,
27566,,
217558,,
166190,,
79886,,
2545,Lol,Jean
